3.260079301558399152e+02,3.152326530473999355e+00,4.339002370747617743e-01,3.550421562985601228e-37,3.573941790430956870e-29,1.809943399167835535e-25,9.238768043814256998e+02,4.721507689253075846e+00,2.811781992910883673e+03,4.006052371237814823e-35,3.282268585180047722e-25,1.722496942625101549e-19,1.092043664116583823e+05,8.626711846704753270e+02,1.294753200604575157e+10
3.260079301542029953e+02,3.152326530478185784e+00,4.339002370747647164e-01,9.586045106891058976e-38,1.396855850243451793e-29,3.841495227148559582e-26,9.238768043777598677e+02,4.721507689253136242e+00,2.811781992908263874e+03,1.484183253949955458e-35,7.672761061946387475e-26,1.513863616594739759e-19,1.092043664124064526e+05,8.626711846711953058e+02,1.294753200604607391e+10
3.260079301527400730e+02,3.152326530471712740e+00,4.339002370747351844e-01,9.482881917847059706e-38,7.482264662625830562e-30,1.313798148653029971e-26,9.238768043802390366e+02,4.721507689263081176e+00,2.811781992908458051e+03,1.294787601960945326e-35,5.817160091440604255e-26,1.196344776807551661e-19,1.092043664121248294e+05,8.626711846714242711e+02,1.294753200604845047e+10
3.260079301554810627e+02,3.152326530478152922e+00,4.339002370747329640e-01,9.844806772126197446e-38,1.975502815534701644e-29,2.526635926244393729e-25,9.238768043827183192e+02,4.721507689245642680e+00,2.811781992907896438e+03,1.257292320181406417e-35,7.342415390070481163e-26,7.250508410081785001e-20,1.092043664121184556e+05,8.626711846721009351e+02,1.294753200604754257e+10
3.260079301558116640e+02,3.152326530477353117e+00,4.339002370747253590e-01,3.417017725647521573e-37,4.134948344121935325e-29,3.474492019913270081e-27,9.238768043810011932e+02,4.721507689255794560e+00,2.811781992910270674e+03,3.886041170266183312e-35,3.206974723102190707e-25,3.739383631756702290e-19,1.092043664119254681e+05,8.626711846710046530e+02,1.294753200604349518e+10
3.260079301548313992e+02,3.152326530471937449e+00,4.339002370745481119e-01,6.247037311085604800e-37,5.412269657290777161e-28,2.072952316335247531e-25,9.238768043834386390e+02,4.721507689249917483e+00,2.811781992908780012e+03,7.568789216913263538e-35,3.054554195058296976e-24,9.402960099521088890e-19,1.092043664120609465e+05,8.626711846723289909e+02,1.294753200604037476e+10
3.260079301533684770e+02,3.152326530478384736e+00,4.339002370745270176e-01,6.241495147615267378e-37,5.487218510318308641e-28,2.603458185904747173e-25,9.238768043859180352e+02,4.721507689259873075e+00,2.811781992908760458e+03,7.386245870859924112e-35,2.923769229049824855e-24,9.426098244112918212e-19,1.092043664123298367e+05,8.626711846733717266e+02,1.294753200604205322e+10
3.260079301550873083e+02,3.152326530476110555e+00,4.339002370747164772e-01,1.073403987500397637e-37,1.723324286375899630e-29,1.388045290236684505e-26,9.238768043794812002e+02,4.721507689245012074e+00,2.811781992907694985e+03,1.210403172494504937e-35,7.351515193594414266e-26,4.961259515885287878e-20,1.092043664122929040e+05,8.626711846711618819e+02,1.294753200604830360e+10
3.260079301558116640e+02,3.152326530480956457e+00,4.339002370746317672e-01,3.564244021054804358e-37,4.353813893309432251e-28,1.237953247161568280e-26,9.238768043810011932e+02,4.721507689262090857e+00,2.811781992909440305e+03,3.986303931732216854e-35,2.835206056866871454e-24,1.802409324271717458e-19,1.092043664119254681e+05,8.626711846720880885e+02,1.294753200604481125e+10
3.260079301548313992e+02,3.152326530471898813e+00,4.339002370745527748e-01,3.336524631922300547e-37,1.631374661499953393e-29,7.523245504692282070e-27,9.238768043834386390e+02,4.721507689250397988e+00,2.811781992907990116e+03,4.483660778092307656e-35,9.325978345483664177e-26,1.059471354834050871e-19,1.092043664120609465e+05,8.626711846710361442e+02,1.294753200604188156e+10
3.260079301533684770e+02,3.152326530478344324e+00,4.339002370745422277e-01,3.563524894388027712e-37,1.639940565954934018e-29,1.552623322518362480e-26,9.238768043859180352e+02,4.721507689260337592e+00,2.811781992908011489e+03,4.336208086433627270e-35,1.247912772797301403e-25,1.530490621919554995e-19,1.092043664123298367e+05,8.626711846720180574e+02,1.294753200604417229e+10
3.260079301550906621e+02,3.152326530479861333e+00,4.339002370746041226e-01,5.345791550820929539e-38,8.434088954225889058e-28,1.695802199372830646e-25,9.238768043794909772e+02,4.721507689265784791e+00,2.811781992907013318e+03,5.984048966212121481e-36,4.124872214217181977e-24,5.140181562984989269e-20,1.092043664122939808e+05,8.626711846721459551e+02,1.294753200604780579e+10
3.260079301558257612e+02,3.152326530472719490e+00,4.339002370747745418e-01,3.435456358092481846e-37,3.477918335191009568e-29,6.215321986444842457e-26,9.238768043812133328e+02,4.721507689254176299e+00,2.811781992910609915e+03,3.986722484674361924e-35,2.844027231535024541e-25,1.714251681850469968e-19,1.092043664119295718e+05,8.626711846718384322e+02,1.294753200604472542e+10
3.260079301548454964e+02,3.152326530480224154e+00,4.339002370746677384e-01,6.376062833948463740e-37,5.395695783904528469e-28,4.985047347101019498e-25,9.238768043795651010e+02,4.721507689257435914e+00,2.811781992909678138e+03,7.570431631701824143e-35,3.109833840398708837e-24,1.186486918702368618e-18,1.092043664120650355e+05,8.626711846722969312e+02,1.294753200604093361e+10
3.260079301557597091e+02,3.152326530475869415e+00,4.339002370746908310e-01,1.115507275502437311e-37,1.723936369867723342e-29,5.865989720894865412e-28,9.238768043817158286e+02,4.721507689254174522e+00,2.811781992908526718e+03,1.196920963131515782e-35,7.128214720219130908e-26,3.468719860195180077e-20,1.092043664122354821e+05,8.626711846696792918e+02,1.294753200604926682e+10
3.260079301554686140e+02,3.152326530475916933e+00,4.339002370746216641e-01,6.202344917412846605e-37,5.646289377120321833e-28,3.813386287313947652e-25,9.238768043784250494e+02,4.721507689254007545e+00,2.811781992909422570e+03,7.330365177677359032e-35,3.173950298394924655e-24,9.502840682244123387e-19,1.092043664121149050e+05,8.626711846720955918e+02,1.294753200604275894e+10
3.260079301551392632e+02,3.152326530478684941e+00,4.339002370746918857e-01,3.189313400167592541e-37,3.507178332131644044e-29,6.867370832503186655e-27,9.238768043828524696e+02,4.721507689254827334e+00,2.811781992909591736e+03,3.973063322875813068e-35,3.151537135078489351e-25,3.284685785223734465e-19,1.092043664121205220e+05,8.626711846713651539e+02,1.294753200604105759e+10
3.260079301554739004e+02,3.152326530477318478e+00,4.339002370745583259e-01,1.105105546160014730e-36,4.112773980948057059e-28,9.909206080046566323e-26,9.238768043811580810e+02,4.721507689248075401e+00,2.811781992910835470e+03,1.314877296201957754e-34,2.618956842002395769e-24,1.537175295187152834e-18,1.092043664119947935e+05,8.626711846723646886e+02,1.294753200603582001e+10
3.260079301557314579e+02,3.152326530480541233e+00,4.339002370745633219e-01,6.489041808196469790e-37,5.628420466253677962e-28,3.488796467833637731e-25,9.238768043812913220e+02,4.721507689250513451e+00,2.811781992908567190e+03,7.368199007617582776e-35,2.954405416279881634e-24,8.772013597120506697e-19,1.092043664122272894e+05,8.626711846723806048e+02,1.294753200604176331e+10
3.260079301544149644e+02,3.152326530481086575e+00,4.339002370746020687e-01,6.529904057165618499e-37,5.854064685510503352e-28,4.230257741118071736e-25,9.238768043813324766e+02,4.721507689249906825e+00,2.811781992908841858e+03,7.229510265413760331e-35,3.169005219840835294e-24,8.202159267457472981e-19,1.092043664120750327e+05,8.626711846726361728e+02,1.294753200604234695e+10
3.260079301551251660e+02,3.152326530475803246e+00,4.339002370745094761e-01,3.129784617327716106e-37,4.557284520521191750e-28,2.976917725888981164e-26,9.238768043826402163e+02,4.721507689261309260e+00,2.811781992908632674e+03,3.849580548509895631e-35,2.879522692170030187e-24,1.589890762744197954e-19,1.092043664121164329e+05,8.626711846715588763e+02,1.294753200604307365e+10
3.260079301554597464e+02,3.152326530481940559e+00,4.339002370745137505e-01,8.249492248860242539e-37,1.682342572617715943e-28,6.566177240079948256e-26,9.238768043809459414e+02,4.721507689258992890e+00,2.811781992909658584e+03,9.995308194615103928e-35,1.294587589383893448e-24,9.461053880792415777e-19,1.092043664122659829e+05,8.626711846711676799e+02,1.294753200603763771e+10
3.260079301523164190e+02,3.152326530480712208e+00,4.339002370745315695e-01,3.525742260427150672e-37,1.731133001014770149e-29,3.991931642145913042e-26,9.238768043806585410e+02,4.721507689247145478e+00,2.811781992907808217e+03,4.517372010578225010e-35,1.100461259700963478e-25,3.624269200340247707e-20,1.092043664120152534e+05,8.626711846707943323e+02,1.294753200604400444e+10
3.260079301550607624e+02,3.152326530479803157e+00,4.339002370745118076e-01,5.901095614860285006e-37,5.047773716478812640e-28,2.943103007464051894e-25,9.238768043831474870e+02,4.721507689248903183e+00,2.811781992908030134e+03,7.109095295753884603e-35,3.351093572942378195e-24,6.939484210133459229e-19,1.092043664122852497e+05,8.626711846730920570e+02,1.294753200604235840e+10
3.260079301558116640e+02,3.152326530475039856e+00,4.339002370746092296e-01,3.352906180577353077e-37,3.963434908478991076e-28,1.071551571074849475e-26,9.238768043810011932e+02,4.721507689261612128e+00,2.811781992909242490e+03,4.030918425909499267e-35,2.809208317077232879e-24,1.580897025197000513e-19,1.092043664119254681e+05,8.626711846718524157e+02,1.294753200604520416e+10
3.260079301548313992e+02,3.152326530478895439e+00,4.339002370745939086e-01,3.101017514822943161e-37,5.070274008652252887e-30,2.235308603536800168e-25,9.238768043834386390e+02,4.721507689249937911e+00,2.811781992908476695e+03,4.402165191304584563e-35,1.131922717159669613e-25,2.556615870064278824e-19,1.092043664120609465e+05,8.626711846711252747e+02,1.294753200604325676e+10
3.260079301521999469e+02,3.152326530473281707e+00,4.339002370746974369e-01,5.144318151319453386e-38,8.365302734571154252e-28,2.175513478477712124e-26,9.238768043835259505e+02,4.721507689251079221e+00,2.811781992906887353e+03,6.278118938713317490e-36,4.105097886932869920e-24,6.111798590167596549e-20,1.092043664121698821e+05,8.626711846727896500e+02,1.294753200604718781e+10
3.260079301542843382e+02,3.152326530480028755e+00,4.339002370745850823e-01,3.560960526521395315e-37,1.661865748669461820e-29,1.368609308387126491e-25,9.238768043839876327e+02,4.721507689254726081e+00,2.811781992907994209e+03,4.414842213704074021e-35,9.845368326388040216e-26,1.697069931969170957e-19,1.092043664119502937e+05,8.626711846704881737e+02,1.294753200604613876e+10
3.260079301551392632e+02,3.152326530484085954e+00,4.339002370745078663e-01,3.143773432260367278e-37,4.378922020003568611e-28,6.888502366964596733e-26,9.238768043828524696e+02,4.721507689259708762e+00,2.811781992908249777e+03,3.946544924525036462e-35,2.748141906799891784e-24,2.151919144272774203e-19,1.092043664121205220e+05,8.626711846719867935e+02,1.294753200604138184e+10
3.260079301554739004e+02,3.152326530477310040e+00,4.339002370744729498e-01,7.822846157152187283e-37,1.887965738094178268e-28,1.535551936426618002e-25,9.238768043811580810e+02,4.721507689248248596e+00,2.811781992909385281e+03,9.875874241160694741e-35,1.278373563212312631e-24,8.999866122892294565e-19,1.092043664119947935e+05,8.626711846719493906e+02,1.294753200603900909e+10
3.260079301557331632e+02,3.152326530479557132e+00,4.339002370745081993e-01,6.070646410036903357e-37,4.992359301417653847e-28,2.180072272137803319e-25,9.238768043812962105e+02,4.721507689258063856e+00,2.811781992907621316e+03,7.044794265514651469e-35,3.498001005735007228e-24,6.308434477576257823e-19,1.092043664122278278e+05,8.626711846726149133e+02,1.294753200604161453e+10
3.260079301544166128e+02,3.152326530478248845e+00,4.339002370745339010e-01,3.648599828496296635e-37,1.767861100973818206e-29,1.063701225676550714e-25,9.238768043813372515e+02,4.721507689250428186e+00,2.811781992907835956e+03,4.488263123330291177e-35,1.045523292995744270e-25,1.002455666515055602e-19,1.092043664120755857e+05,8.626711846706998585e+02,1.294753200604552841e+10
3.260079301551251660e+02,3.152326530481213585e+00,4.339002370744748371e-01,2.690906939037347817e-37,4.506838426465997382e-28,2.435174150668255491e-25,9.238768043826402163e+02,4.721507689257071760e+00,2.811781992908120174e+03,3.408887239223034810e-35,2.651169573058287619e-24,3.359757676471106878e-19,1.092043664121164329e+05,8.626711846721768779e+02,1.294753200604583359e+10
3.260079301554597464e+02,3.152326530481930345e+00,4.339002370744825532e-01,5.522189872082500857e-37,1.133076023295939150e-29,9.057919229943915995e-27,9.238768043809459414e+02,4.721507689259136775e+00,2.811781992908229313e+03,6.787254136162719613e-35,1.487439745398792558e-25,2.357679621861128919e-19,1.092043664122659829e+05,8.626711846706291453e+02,1.294753200604000854e+10
3.260079301523197728e+02,3.152326530473332777e+00,4.339002370745251302e-01,2.991324763047119821e-37,2.013221764026309824e-28,1.082796079592121568e-25,9.238768043806683181e+02,4.721507689257514073e+00,2.811781992906958294e+03,3.753208184227375687e-35,1.854686307119356920e-24,7.317494112675789921e-20,1.092043664120163303e+05,8.626711846712109946e+02,1.294753200604437828e+10
3.260079301550607624e+02,3.152326530479775624e+00,4.339002370744663439e-01,3.040535381961486041e-37,2.088193844713071459e-28,6.314331772288455876e-26,9.238768043831474870e+02,4.721507689249209605e+00,2.811781992907055155e+03,3.729160941066171861e-35,1.828544125898462315e-24,4.126460856846689702e-20,1.092043664122852497e+05,8.626711846721484562e+02,1.294753200604430389e+10
3.260079301558399152e+02,3.152326530473999799e+00,4.339002370747550574e-01,3.402087211224912921e-37,3.110922460171242057e-29,1.250041185883105653e-25,9.238768043814256998e+02,4.721507689253018114e+00,2.811781992910633562e+03,3.933946986089864019e-35,3.237034899165817128e-25,1.204324177312847731e-19,1.092043664116583823e+05,8.626711846707059976e+02,1.294753200604430771e+10
3.260079301542029953e+02,3.152326530478185784e+00,4.339002370747031545e-01,1.076072637922559626e-37,6.640551420955013258e-30,2.505559361193973865e-27,9.238768043777598677e+02,4.721507689253170881e+00,2.811781992908374377e+03,1.254388676363428026e-35,7.430848441930164304e-26,3.036046723369266637e-20,1.092043664124064526e+05,8.626711846711987164e+02,1.294753200604740143e+10
3.260079301527417215e+02,3.152326530472555621e+00,4.339002370746390946e-01,6.806291717765825221e-37,5.951010014470744072e-28,3.269679639386151020e-25,9.238768043802438115e+02,4.721507689259791363e+00,2.811781992909649489e+03,7.476588182995720938e-35,2.946955015322492575e-24,1.179529398566763358e-18,1.092043664121253532e+05,8.626711846731152491e+02,1.294753200604073906e+10
3.260079301554827111e+02,3.152326530479002020e+00,4.339002370746262160e-01,6.539471436120943428e-37,5.937805880108758632e-28,5.357205854722495587e-25,9.238768043827230940e+02,4.721507689251490447e+00,2.811781992909314340e+03,7.477856403982349247e-35,3.067548432963192867e-24,9.859804289912143589e-19,1.092043664121189795e+05,8.626711846722747623e+02,1.294753200604045868e+10
3.260079301558116640e+02,3.152326530477357114e+00,4.339002370747233051e-01,3.333818583476041616e-37,3.215735398645470026e-29,2.318331237208335364e-27,9.238768043810011932e+02,4.721507689255763474e+00,2.811781992909492146e+03,3.933785605018481769e-35,2.909362606801884486e-25,3.243814564975290623e-19,1.092043664119254681e+05,8.626711846712100851e+02,1.294753200604040909e+10
3.260079301548330477e+02,3.152326530482044920e+00,4.339002370745574377e-01,6.377436001901404986e-37,5.673114082118722317e-28,4.550902061995711079e-25,9.238768043834436412e+02,4.721507689259300200e+00,2.811781992908549910e+03,7.339365552045151863e-35,3.035340083227268432e-24,7.941263452206444106e-19,1.092043664120614703e+05,8.626711846725728492e+02,1.294753200603955841e+10
3.260079301533701255e+02,3.152326530479175659e+00,4.339002370745244086e-01,1.140180451458885589e-36,4.007098508494727244e-28,8.774371042578633693e-26,9.238768043859229238e+02,4.721507689257253837e+00,2.811781992910811823e+03,1.306282141377022831e-34,2.600718059683366993e-24,1.622492067525309897e-18,1.092043664123303897e+05,8.626711846717155368e+02,1.294753200603538895e+10
3.260079301550873083e+02,3.152326530479761413e+00,4.339002370746324888e-01,7.161932740309907222e-37,5.600640610711023760e-28,3.016123474191947643e-25,9.238768043794812002e+02,4.721507689259962781e+00,2.811781992908726352e+03,7.023058711891961733e-35,2.959433095046660037e-24,8.965649940854187329e-19,1.092043664122929040e+05,8.626711846721033226e+02,1.294753200603995323e+10
3.260079301557975668e+02,3.152326530479677924e+00,4.339002370745327353e-01,3.224848857871948720e-37,4.462075707440561708e-28,1.885923517672909602e-26,9.238768043807889399e+02,4.721507689254035967e+00,2.811781992908727261e+03,3.859510483526249486e-35,2.809677177869205885e-24,1.545368538221258652e-19,1.092043664116461005e+05,8.626711846716177661e+02,1.294753200604239655e+10
3.260079301536471235e+02,3.152326530476059485e+00,4.339002370745274617e-01,3.536109511401222043e-37,1.899956300895519595e-29,1.422027861882210628e-26,9.238768043849154310e+02,4.721507689259767382e+00,2.811781992907788663e+03,4.339162235820747359e-35,1.040899292581519339e-25,3.684978663331188835e-20,1.092043664120339672e+05,8.626711846714384819e+02,1.294753200604158401e+10
3.260079301533560283e+02,3.152326530477879363e+00,4.339002370744713399e-01,8.020858062813776417e-37,1.618386032809952198e-28,1.002907220422183633e-25,9.238768043775388605e+02,4.721507689249424544e+00,2.811781992909434393e+03,1.006040497405249067e-34,1.355032641632815161e-24,1.044790264435285356e-18,1.092043664120510221e+05,8.626711846709935116e+02,1.294753200603638840e+10
3.260079301557331632e+02,3.152326530483675171e+00,4.339002370744787784e-01,6.460156268316332786e-37,5.119724241649682824e-28,2.164909281240896782e-25,9.238768043812962105e+02,4.721507689259897944e+00,2.811781992908158827e+03,7.050124252211128509e-35,3.461651936842268912e-24,6.896171795781969289e-19,1.092043664125031064e+05,8.626711846738407985e+02,1.294753200604014969e+10
3.260079301558257612e+02,3.152326530472722599e+00,4.339002370747733761e-01,3.311402532979912960e-37,2.956463146998949099e-29,8.545905599958555677e-26,9.238768043812133328e+02,4.721507689254135443e+00,2.811781992910141980e+03,4.016774554371764803e-35,3.011373195953158251e-25,1.993373315095700346e-19,1.092043664119295718e+05,8.626711846709813472e+02,1.294753200604180527e+10
3.260079301548471449e+02,3.152326530479217404e+00,4.339002370746709580e-01,6.547730588505722683e-37,5.485671879339573788e-28,4.752233586074822647e-25,9.238768043795698759e+02,4.721507689256284834e+00,2.811781992909248402e+03,7.355396882338884540e-35,3.288594775548735254e-24,1.227048600735842694e-18,1.092043664120655740e+05,8.626711846728580895e+02,1.294753200604078293e+10
3.260079301557597091e+02,3.152326530479513611e+00,4.339002370746469772e-01,6.919606287627248254e-37,5.594450020122731836e-28,4.257142509805852585e-25,9.238768043817158286e+02,4.721507689250870499e+00,2.811781992909297060e+03,7.101769240237195136e-35,3.016326857616377198e-24,1.118206350930447581e-18,1.092043664122354821e+05,8.626711846728214823e+02,1.294753200604092407e+10
3.260079301554702624e+02,3.152326530478508637e+00,4.339002370746042891e-01,1.108097311320190337e-36,4.459880569634997009e-28,1.909146258405038180e-25,9.238768043784299380e+02,4.721507689259128782e+00,2.811781992910905046e+03,1.298538389748480518e-34,2.632802208379815602e-24,1.639932645018839698e-18,1.092043664121154288e+05,8.626711846718616243e+02,1.294753200603636169e+10
3.260079301551392632e+02,3.152326530478688049e+00,4.339002370746443682e-01,3.454005168225232870e-37,4.791743215055055720e-29,3.119061109416221276e-26,9.238768043828524696e+02,4.721507689254794471e+00,2.811781992909120163e+03,3.949617058794179101e-35,3.048856035520341917e-25,2.223458804667896128e-19,1.092043664121205220e+05,8.626711846708872145e+02,1.294753200603867722e+10
3.260079301554771973e+02,3.152326530475295208e+00,4.339002370745257409e-01,1.125592449498307373e-36,4.694706103533889644e-28,4.807180536870025592e-26,9.238768043811678581e+02,4.721507689254867302e+00,2.811781992910388908e+03,1.298310528913554602e-34,2.519601024152504509e-24,1.483147758410323850e-18,1.092043664119958703e+05,8.626711846715795673e+02,1.294753200603432083e+10
3.260079301557314579e+02,3.152326530484130362e+00,4.339002370745350667e-01,1.156488086654430325e-36,4.323989986105996620e-28,1.254714966709044002e-25,9.238768043812913220e+02,4.721507689257005147e+00,2.811781992910442568e+03,1.285982571949007199e-34,2.578157438566674140e-24,1.483156483035230752e-18,1.092043664122272894e+05,8.626711846726052499e+02,1.294753200603463364e+10
3.260079301544149644e+02,3.152326530471757593e+00,4.339002370746114501e-01,1.155436321809433762e-36,4.356366381375258435e-28,3.475831504189591403e-26,9.238768043813324766e+02,4.721507689256408291e+00,2.811781992910588997e+03,1.272790803292751758e-34,2.603311254135276462e-24,1.455151445967754566e-18,1.092043664120750327e+05,8.626711846724921315e+02,1.294753200603577423e+10
3.260079301544527652e+02,3.152326530477137290e+00,4.339002370744455828e-01,3.411294042202775491e-37,4.047592019533501421e-28,1.506733145036823602e-25,9.238768043844914928e+02,4.721507689251194684e+00,2.811781992907970107e+03,3.912944123859457698e-35,2.827356631011984775e-24,1.120665900015533533e-19,1.092043664124491188e+05,8.626711846730954676e+02,1.294753200604006195e+10
3.260079301536188723e+02,3.152326530472977506e+00,4.339002370744479142e-01,8.325014981791176946e-37,1.690296886150777739e-28,1.212684869827876592e-25,9.238768043804051331e+02,4.721507689257389728e+00,2.811781992909211112e+03,9.739920368422751501e-35,1.348804927057152369e-24,9.016221099301521456e-19,1.092043664120257890e+05,8.626711846718858396e+02,1.294753200603571320e+10
3.260079301558479870e+02,3.152326530472743027e+00,4.339002370744727832e-01,8.655794904461725919e-37,2.015699416178661692e-28,1.117242817206132029e-25,9.238768043825098175e+02,4.721507689252405271e+00,2.811781992909193832e+03,9.830936879409659736e-35,1.414530177318246090e-24,9.392995432729051897e-19,1.092043664120726753e+05,8.626711846713116074e+02,1.294753200603576660e+10
3.260079301557032636e+02,3.152326530474041544e+00,4.339002370743933468e-01,1.102528003064669052e-36,2.486530198512179648e-29,1.339045068117875648e-25,9.238768043849527203e+02,4.721507689255129314e+00,2.811781992909031032e+03,1.323935369369668159e-34,6.032148751097862854e-26,1.301989501087166855e-18,1.092043664124943898e+05,8.626711846709887368e+02,1.294753200603421211e+10
3.260079301551392632e+02,3.152326530478173350e+00,4.339002370745779213e-01,3.344560520989546076e-37,4.071645619884575061e-28,1.992293552947789944e-26,9.238768043828524696e+02,4.721507689259203389e+00,2.811781992908483971e+03,4.065326449964857097e-35,2.729974754402041566e-24,1.223763136412116455e-19,1.092043664121205220e+05,8.626711846721580059e+02,1.294753200604207993e+10
3.260079301529888198e+02,3.152326530474547361e+00,4.339002370746006254e-01,3.619228857425934471e-37,1.094966222634540141e-29,2.300640424740821692e-25,9.238768043788072646e+02,4.721507689255821205e+00,2.811781992908453503e+03,4.223660479922306475e-35,1.186425602240327966e-25,2.214280372442245612e-19,1.092043664120954927e+05,8.626711846712314582e+02,1.294753200604282570e+10
3.260079301528424480e+02,3.152326530480490607e+00,4.339002370744753923e-01,6.432884707948003819e-37,4.989944509786172930e-28,2.317460020168314951e-25,9.238768043853311838e+02,4.721507689256627671e+00,2.811781992908045140e+03,6.904741543638396040e-35,3.527419922604717978e-24,6.803915588788540326e-19,1.092043664119660971e+05,8.626711846729215267e+02,1.294753200603913879e+10
3.260079301536136427e+02,3.152326530482178146e+00,4.339002370745002612e-01,8.165158318480366465e-37,1.425590153204546688e-28,1.032279086891897548e-25,9.238768043776719878e+02,4.721507689260009855e+00,2.811781992909674045e+03,9.758798387335855759e-35,1.412130579971673094e-24,1.016072502351280693e-18,1.092043664120082394e+05,8.626711846717148546e+02,1.294753200603862190e+10
3.260079301544669192e+02,3.152326530474297783e+00,4.339002370744218795e-01,3.655907304027131510e-37,4.625927249158620513e-28,1.133670466149160556e-25,9.238768043847037461e+02,4.721507689248197970e+00,2.811781992907196127e+03,3.875052573648888416e-35,2.852646419585981248e-24,1.243474636209853510e-19,1.092043664121779439e+05,8.626711846715331831e+02,1.294753200603643417e+10
3.260079301536329694e+02,3.152326530481257105e+00,4.339002370744698411e-01,8.702560266854845624e-37,1.563226909682444578e-28,1.846173081233448927e-25,9.238768043806173864e+02,4.721507689255794560e+00,2.811781992909091514e+03,9.851795850279942761e-35,1.188618364221091477e-24,8.779343726983046934e-19,1.092043664120298636e+05,8.626711846712626084e+02,1.294753200603647995e+10
3.260079301521717525e+02,3.152326530473786192e+00,4.339002370743548775e-01,1.116512872283041257e-36,2.411795013474776093e-29,4.211246564284500890e-26,9.238768043831014438e+02,4.721507689246025485e+00,2.811781992909044675e+03,1.314403308156556385e-34,6.706429264656819807e-26,1.045909274257479448e-18,1.092043664121617039e+05,8.626711846712721581e+02,1.294753200603433228e+10
3.260079301537442120e+02,3.152326530472077781e+00,4.339002370745128623e-01,8.458026827397882859e-37,1.858451127154445273e-28,1.638260947275717721e-25,9.238768043831887553e+02,4.721507689254281104e+00,2.811781992909125620e+03,9.727651068911940773e-35,1.272278156571245847e-24,9.199204485763246644e-19,1.092043664118577144e+05,8.626711846711077669e+02,1.294753200603785324e+10
3.260079301537804213e+02,3.152326530480472400e+00,4.339002370743575421e-01,3.266959876685944653e-37,4.153862503784918785e-28,1.447797692873298693e-25,9.238768043863427692e+02,4.721507689243661154e+00,2.811781992907118365e+03,3.324494181180184605e-35,2.662309702664707633e-24,1.209250163573474867e-19,1.092043664122312475e+05,8.626711846731935793e+02,1.294753200604403305e+10
3.260079301537494985e+02,3.152326530475788147e+00,4.339002370744555193e-01,5.282671367529869223e-37,1.595209378772095416e-29,2.916117936344767358e-27,9.238768043818358819e+02,4.721507689260732832e+00,2.811781992908232496e+03,6.783249611999472248e-35,1.018695197877163378e-25,1.728926162781296531e-19,1.092043664122881746e+05,8.626711846705875359e+02,1.294753200603758621e+10
3.260079301522898731e+02,3.152326530476639910e+00,4.339002370743917369e-01,8.041674565574551787e-37,1.134390112836131944e-29,7.160342294159801892e-26,9.238768043843248279e+02,4.721507689261552621e+00,2.811781992908166103e+03,9.559516240817734193e-35,7.834777691256025553e-26,6.826314013821737976e-19,1.092043664120076137e+05,8.626711846711102680e+02,1.294753200603616524e+10
3.260079301550308628e+02,3.152326530483083200e+00,4.339002370743816339e-01,8.057443474034624824e-37,7.783762130991233869e-30,1.294146862761646534e-25,9.238768043868039967e+02,4.721507689253261475e+00,2.811781992908032407e+03,9.715646083911026768e-35,4.247098930410000186e-26,7.704201186361348130e-19,1.092043664122765185e+05,8.626711846709104066e+02,1.294753200603728104e+10
3.260079301551534172e+02,3.152326530481250000e+00,4.339002370746155579e-01,3.342937923027728602e-37,4.115168014898885650e-28,4.025932842348826251e-26,9.238768043830646093e+02,4.721507689247596673e+00,2.811781992909318433e+03,3.942532653019177564e-35,2.723016981429349692e-24,1.546923152710176333e-19,1.092043664123998897e+05,8.626711846714449621e+02,1.294753200604629517e+10
3.260079301554879976e+02,3.152326530481968980e+00,4.339002370746828374e-01,5.167427336543842890e-38,7.619508478736906488e-28,3.818270900172380558e-26,9.238768043813704480e+02,4.721507689258734430e+00,2.811781992906911455e+03,6.030254976811014053e-36,3.989999024010642325e-24,3.712606041091034190e-20,1.092043664119988971e+05,8.626711846731117248e+02,1.294753200604764557e+10
3.260079301550890136e+02,3.152326530479800937e+00,4.339002370746022352e-01,3.025448311843112428e-37,1.288754841026699089e-29,2.403242931302884933e-25,9.238768043835718800e+02,4.721507689258160667e+00,2.811781992908565371e+03,4.145604152541348527e-35,1.033253061555771525e-25,2.212247151687618147e-19,1.092043664120181638e+05,8.626711846702083903e+02,1.294753200604551506e+10
3.260079301536260346e+02,3.152326530473328781e+00,4.339002370745974058e-01,3.226220035812913215e-37,1.218515226604168953e-29,2.491675063076176554e-25,9.238768043819652576e+02,4.721507689249849093e+00,2.811781992908096527e+03,4.422276572759047799e-35,1.143433053720501027e-25,2.112886341621088031e-19,1.092043664120117901e+05,8.626711846707848963e+02,1.294753200604570961e+10
3.260079301551392632e+02,3.152326530472971733e+00,4.339002370745365655e-01,3.391660078960156482e-37,4.320334436331212799e-28,9.228038425083550971e-26,9.238768043828524696e+02,4.721507689258311657e+00,2.811781992908404391e+03,3.917278295533755977e-35,2.905674279939749488e-24,2.123776600993437575e-19,1.092043664121205220e+05,8.626711846722716928e+02,1.294753200604324722e+10
3.260079301554755489e+02,3.152326530472717714e+00,4.339002370744797776e-01,6.052032182700939960e-37,5.171424395175161740e-28,1.712534133210010203e-25,9.238768043811630832e+02,4.721507689258638507e+00,2.811781992907508538e+03,7.082507579906979484e-35,3.342302328382200767e-24,7.080639991440851109e-19,1.092043664119953319e+05,8.626711846729145918e+02,1.294753200604240036e+10
3.260079301557314579e+02,3.152326530474812039e+00,4.339002370744691195e-01,7.842053826528043171e-37,1.887965534063528194e-28,6.870796695947562114e-26,9.238768043812913220e+02,4.721507689254171858e+00,2.811781992909425298e+03,9.856254047695331044e-35,1.272446150469739658e-24,8.509465422079151621e-19,1.092043664122272894e+05,8.626711846714565581e+02,1.294753200604006958e+10
3.260079301544166128e+02,3.152326530480053624e+00,4.339002370745254078e-01,3.215567943650429432e-37,1.426824176875475216e-29,1.599161101286309478e-25,9.238768043813372515e+02,4.721507689258140239e+00,2.811781992907779113e+03,4.297721491024736989e-35,1.065258592919403856e-25,1.023630437035550204e-19,1.092043664120755857e+05,8.626711846713195655e+02,1.294753200604509735e+10
3.260079301551251660e+02,3.152326530475292099e+00,4.339002370744985404e-01,2.917968838489523313e-37,4.573862623521875309e-28,2.932929762570864959e-25,9.238768043826402163e+02,4.721507689256593032e+00,2.811781992908236134e+03,3.421153503367600173e-35,2.794130377871461206e-24,3.484879454705143553e-19,1.092043664121164329e+05,8.626711846719412051e+02,1.294753200604764557e+10
3.260079301542912731e+02,3.152326530476850408e+00,4.339002370745435599e-01,2.960282960504963223e-37,2.150920633126900755e-28,6.997434895363908041e-26,9.238768043826397616e+02,4.721507689250014295e+00,2.811781992907040149e+03,3.672060726545478556e-35,1.807930478167219833e-24,5.246380015742407118e-20,1.092043664122436458e+05,8.626711846718174002e+02,1.294753200604496574e+10
3.260079301557173608e+02,3.152326530473512634e+00,4.339002370744292070e-01,5.218406114587153322e-37,1.133077844559222520e-29,2.380675173585529447e-26,9.238768043810790687e+02,4.721507689255431295e+00,2.811781992908385291e+03,6.947802714720454154e-35,1.319377027524011515e-25,2.016772311376426014e-19,1.092043664124984934e+05,8.626711846710726377e+02,1.294753200604138565e+10
3.260079301550607624e+02,3.152326530473859467e+00,4.339002370744873827e-01,2.864131130491547170e-37,2.261377411813981249e-28,9.887814049115703288e-26,9.238768043831474870e+02,4.721507689257860463e+00,2.811781992907112908e+03,3.644783015327919332e-35,1.781575355505356556e-24,8.223898520478012287e-20,1.092043664122852497e+05,8.626711846719648520e+02,1.294753200604397392e+10
3.260079301551534172e+02,3.152326530481257105e+00,4.339002370745523307e-01,3.407364340800529456e-37,3.836304875014077449e-28,3.246039683246463620e-26,9.238768043830646093e+02,4.721507689247546935e+00,2.811781992908520351e+03,4.259129085839588043e-35,2.839364064423118450e-24,1.208043846943541758e-19,1.092043664123998897e+05,8.626711846716389118e+02,1.294753200604374695e+10
3.260079301554896460e+02,3.152326530482799427e+00,4.339002370745310144e-01,6.259602255222679936e-37,4.729228662779764828e-28,3.032731927993707785e-25,9.238768043813752229e+02,4.721507689255632911e+00,2.811781992907994663e+03,6.965977418044374166e-35,3.459458379363444492e-24,7.521924038811069689e-19,1.092043664119994210e+05,8.626711846731996047e+02,1.294753200604132080e+10
3.260079301550890136e+02,3.152326530479806266e+00,4.339002370745687065e-01,3.518128020686784162e-37,4.297730002308211152e-30,1.897032111388076343e-25,9.238768043835718800e+02,4.721507689258174878e+00,2.811781992908394386e+03,4.266237859131931543e-35,1.225771758687487348e-25,1.956858517475862317e-19,1.092043664120181638e+05,8.626711846702391995e+02,1.294753200604452705e+10
3.260079301536277399e+02,3.152326530483462452e+00,4.339002370744616810e-01,7.901242475505782844e-37,1.904054651312104532e-28,1.897544475679348915e-25,9.238768043819701461e+02,4.721507689249739848e+00,2.811781992909623114e+03,9.815835728678946093e-35,1.332026764034971529e-24,1.022532715837966684e-18,1.092043664120123431e+05,8.626711846717594199e+02,1.294753200604100037e+10
3.260079301551392632e+02,3.152326530472973509e+00,4.339002370744327042e-01,3.416988455993791517e-37,4.505373619285647537e-28,1.599077960816540225e-25,9.238768043828524696e+02,4.721507689258270801e+00,2.811781992907183849e+03,4.035219273139748636e-35,2.787288461709382178e-24,9.828958797445244467e-20,1.092043664121205220e+05,8.626711846717823846e+02,1.294753200603890610e+10
3.260079301554771973e+02,3.152326530475296984e+00,4.339002370743978987e-01,1.117006069615003592e-36,1.818019502535321366e-29,4.239766736384558159e-26,9.238768043811678581e+02,4.721507689254811346e+00,2.811781992908921438e+03,1.289346075037043858e-34,6.567865323174608341e-26,1.122035144956097694e-18,1.092043664119958703e+05,8.626711846714083549e+02,1.294753200603698730e+10
3.260079301557331632e+02,3.152326530483116063e+00,4.339002370744599046e-01,8.303277486464723895e-37,1.647725246197532643e-28,1.741865331743018437e-25,9.238768043812962105e+02,4.721507689255815876e+00,2.811781992908903703e+03,9.884389925534698720e-35,1.193763818068487888e-24,8.297939772762436410e-19,1.092043664122278278e+05,8.626711846717360004e+02,1.294753200603829002e+10
3.260079301544166128e+02,3.152326530483667621e+00,4.339002370745131398e-01,8.205230248920461529e-37,2.061108022209365651e-28,1.507766282109135320e-25,9.238768043813372515e+02,4.721507689264347718e+00,2.811781992909166092e+03,9.681395368381246993e-35,1.286304613932664396e-24,8.953560730532951425e-19,1.092043664120755857e+05,8.626711846713001250e+02,1.294753200604005051e+10
3.260079301544527652e+02,3.152326530484340861e+00,4.339002370743768044e-01,2.998131995211403871e-37,4.489601373780072442e-28,1.557668388452322175e-25,9.238768043844914928e+02,4.721507689254662132e+00,2.811781992907189306e+03,3.310821395564613197e-35,2.681753154670111881e-24,1.091580178127055917e-19,1.092043664124491188e+05,8.626711846717848857e+02,1.294753200604661179e+10
3.260079301536205207e+02,3.152326530471978305e+00,4.339002370743633707e-01,8.239061608647130333e-37,2.983389468676682733e-30,9.719720559128636960e-26,9.238768043804100216e+02,4.721507689265084018e+00,2.811781992908124266e+03,9.466573139275528963e-35,5.275523455163048062e-26,7.304867889069996396e-19,1.092043664120263275e+05,8.626711846709431484e+02,1.294753200603879166e+10
3.260079301558496354e+02,3.152326530471729171e+00,4.339002370744090009e-01,5.582527334638852352e-37,1.100661785215765574e-29,3.795443430320541968e-27,9.238768043825145924e+02,4.721507689251172479e+00,2.811781992907898712e+03,6.691486734033857227e-35,1.638611973748393848e-25,1.745338851385123281e-19,1.092043664120732137e+05,8.626711846719479126e+02,1.294753200603934860e+10
3.260079301557032636e+02,3.152326530474033994e+00,4.339002370743395565e-01,8.001768357938630850e-37,1.936095120844884518e-29,1.107618598606639022e-25,9.238768043849527203e+02,4.721507689255131091e+00,2.811781992908031498e+03,9.726608780673826331e-35,4.129658380759724516e-26,7.917469482176713898e-19,1.092043664124943898e+05,8.626711846709479232e+02,1.294753200603887177e+10
3.260079301544669192e+02,3.152326530481507127e+00,4.339002370744838855e-01,2.877642386224845417e-37,4.213294404328648950e-28,5.568933019973639720e-26,9.238768043847037461e+02,4.721507689251705386e+00,2.811781992908181564e+03,3.565421027670216781e-35,2.640302624960823367e-24,2.578878133210700320e-19,1.092043664121779439e+05,8.626711846722662358e+02,1.294753200604848862e+10
3.260079301536329694e+02,3.152326530483064992e+00,4.339002370745488335e-01,3.144603411009900611e-37,2.042562971754744983e-28,1.269964355304738236e-25,9.238768043806173864e+02,4.721507689254250906e+00,2.811781992906853247e+03,3.819461331571286738e-35,1.675376165568160527e-24,8.168138460342140530e-20,1.092043664120298927e+05,8.626711846721938173e+02,1.294753200604498672e+10
3.260079301521700472e+02,3.152326530476585287e+00,4.339002370745308479e-01,3.160759243371963841e-37,2.034270164506527320e-28,1.018783142436253715e-25,9.238768043830965553e+02,4.721507689255075135e+00,2.811781992907035601e+03,4.044487022330172990e-35,1.698830406901728006e-24,6.487923178373650575e-20,1.092043664121611509e+05,8.626711846727487227e+02,1.294753200604416275e+10
3.260079301537459173e+02,3.152326530480381805e+00,4.339002370744515780e-01,5.347297263554535106e-37,1.506726364493912690e-29,3.815151933664643205e-26,9.238768043831935302e+02,4.721507689255833640e+00,2.811781992908243410e+03,6.852545105183916151e-35,1.437036152919465948e-25,2.801144494114305999e-19,1.092043664118582674e+05,8.626711846715470529e+02,1.294753200604222870e+10
3.260079301544669192e+02,3.152326530481509348e+00,4.339002370743935133e-01,3.083939085783519648e-37,4.666144682714833449e-28,5.772491002846415513e-26,9.238768043847037461e+02,4.721507689251664530e+00,2.811781992907120639e+03,3.319021846739008766e-35,2.700842990573985345e-24,9.727709784841225664e-20,1.092043664121779439e+05,8.626711846724234647e+02,1.294753200604531097e+10
3.260079301536346748e+02,3.152326530480264566e+00,4.339002370744116654e-01,8.261515033106892683e-37,1.062084953529548277e-29,5.264832475836885621e-26,9.238768043806222749e+02,4.721507689254337059e+00,2.811781992907873246e+03,9.484534673039815922e-35,5.177098617484712004e-26,6.121440569334351502e-19,1.092043664120304165e+05,8.626711846713969862e+02,1.294753200604036331e+10
3.260079301521717525e+02,3.152326530473787969e+00,4.339002370743924586e-01,8.200820878113228527e-37,1.472276751524522682e-29,6.416650397258198923e-26,9.238768043831014438e+02,4.721507689255163953e+00,2.811781992907770473e+03,9.762776480057707608e-35,4.371864045456408688e-26,6.206132488324131347e-19,1.092043664121617039e+05,8.626711846712300940e+02,1.294753200603946114e+10
3.260079301537459173e+02,3.152326530480386690e+00,4.339002370744725057e-01,5.833220564436863722e-37,1.466180515759614749e-29,7.539381571693590258e-27,9.238768043831935302e+02,4.721507689255851403e+00,2.811781992907848235e+03,6.798561681813274356e-35,1.820186440265112705e-25,1.518165550644246912e-19,1.092043664118582674e+05,8.626711846715037382e+02,1.294753200604194260e+10
3.260079301537804213e+02,3.152326530474765409e+00,4.339002370743215153e-01,1.973142438862879788e-37,7.972337574416978994e-30,1.555156159692027285e-25,9.238768043863427692e+02,4.721507689265401986e+00,2.811781992905997868e+03,1.868220765091244034e-35,1.303628025594104544e-25,1.454703544642343782e-19,1.092043664122312475e+05,8.626711846707398763e+02,1.294753200604553413e+10
3.260079301537527954e+02,3.152326530483123168e+00,4.339002370744236559e-01,5.011817012835264374e-37,3.332700103733159466e-30,4.586191332812115221e-26,9.238768043818456590e+02,4.721507689260713292e+00,2.811781992907087442e+03,6.125614942697734737e-35,1.857413033180604195e-26,1.126114072869221739e-19,1.092043664122892369e+05,8.626711846700626438e+02,1.294753200604212952e+10
3.260079301522898731e+02,3.152326530476641242e+00,4.339002370744469150e-01,5.128216551188680304e-37,6.690614437909097440e-30,2.961155827353562313e-26,9.238768043843248279e+02,4.721507689261541962e+00,2.811781992907161566e+03,6.302019934526127536e-35,3.332448789536959614e-26,1.305036499633378709e-19,1.092043664120076137e+05,8.626711846710381906e+02,1.294753200604112434e+10
3.260079301550308628e+02,3.152326530483083200e+00,4.339002370743750836e-01,5.106584014223639566e-37,5.857209464175225377e-30,5.704031126671249073e-26,9.238768043868039967e+02,4.721507689253233053e+00,2.811781992906834148e+03,6.399028637520212969e-35,2.571076130245770969e-26,1.168222469112054445e-19,1.092043664122765185e+05,8.626711846708583380e+02,1.294753200604094696e+10
